x,y,z
437.26755,-1029.201,472.52612
439.35043,-1028.7245,472.85834
441.43332,-1028.248,473.19055
443.51617,-1027.7715,473.52277
445.59906,-1027.2949,473.85498
447.68195,-1026.8184,474.1872
449.76483,-1026.3418,474.5194
451.8477,-1025.8652,474.85162
453.93057,-1025.3888,475.18384
456.01346,-1024.9122,475.51605
458.0963,-1024.4357,475.84827
460.1792,-1023.9591,476.18048
462.2621,-1023.48254,476.5127
464.34497,-1023.00604,476.8449
466.42786,-1022.5295,477.17712
468.5107,-1022.0529,477.50934
470.5936,-1021.5764,477.84155
472.67648,-1021.09985,478.17377
474.75934,-1020.6233,478.50598
476.84222,-1020.1468,478.8382
473.9544,-1009.85205,482.17682
471.87152,-1010.3286,481.8446
469.78864,-1010.8052,481.5124
467.70575,-1011.2817,481.18018
465.6229,-1011.75824,480.84796
463.54,-1012.2348,480.51575
461.45712,-1012.7113,480.1835
459.37427,-1013.18787,479.8513
457.29138,-1013.6644,479.51907
455.2085,-1014.1409,479.18686
453.1256,-1014.6175,478.85464
451.04272,-1015.09406,478.52243
448.95987,-1015.57056,478.19022
446.87698,-1016.0471,477.858
444.7941,-1016.5237,477.5258
442.71124,-1017.00024,477.19357
440.62836,-1017.47675,476.86136
438.54547,-1017.9533,476.52914
436.4626,-1018.4298,476.19693
434.37973,-1018.9064,475.86472
431.49188,-1008.6117,479.2033
433.57477,-1008.13513,479.53552
435.65765,-1007.6586,479.86774
437.7405,-1007.18207,480.19995
439.8234,-1006.7055,480.53217
441.90628,-1006.229,480.86438
443.98914,-1005.75244,481.1966
446.07202,-1005.2759,481.5288
448.1549,-1004.7993,481.86102
450.2378,-1004.3228,482.19324
452.32068,-1003.84625,482.52548
454.40353,-1003.3697,482.8577
456.48642,-1002.8932,483.1899
458.5693,-1002.4166,483.52213
460.65216,-1001.94006,483.85434
462.73505,-1001.46356,484.18655
464.81793,-1000.987,484.51877
466.90082,-1000.51044,484.85098
468.98367,-1000.03394,485.1832
471.06656,-999.5574,485.5154
468.17874,-989.2627,488.854
466.09586,-989.7392,488.5218
464.01297,-990.21576,488.18958
461.9301,-990.6923,487.85736
459.84723,-991.1688,487.52515
457.76434,-991.6454,487.19293
455.68146,-992.12195,486.86072
453.59857,-992.5985,486.5285
451.51572,-993.075,486.1963
449.43283,-993.5516,485.86407
447.34995,-994.0281,485.53186
445.2671,-994.50464,485.19965
443.1842,-994.9812,484.86743
441.10132,-995.45776,484.53522
439.01843,-995.93427,484.203
436.93555,-996.4108,483.8708
434.8527,-996.8874,483.53854
432.7698,-997.3639,483.20633
430.68692,-997.84045,482.8741
428.60406,-998.317,482.5419
425.71622,-988.0223,485.88052
427.7991,-987.5458,486.21274
429.882,-987.0692,486.54495
431.96484,-986.59265,486.87717
434.04773,-986.11615,487.20938
436.1306,-985.6396,487.5416
438.21347,-985.163,487.8738
440.29636,-984.6865,488.20602
442.37924,-984.20996,488.53824
444.46213,-983.7334,488.87045
446.54498,-983.25684,489.20267
448.62787,-982.78033,489.53488
450.71075,-982.3038,489.8671
452.79364,-981.8272,490.1993
454.8765,-981.3507,490.53152
456.95938,-980.87415,490.86374
459.04227,-980.3976,491.19595
461.12515,-979.9211,491.52817
463.208,-979.4445,491.86038
465.2909,-978.96796,492.19263
462.40308,-968.6733,495.53122
460.3202,-969.14984,495.199
458.2373,-969.62634,494.8668
456.15442,-970.1029,494.53458
454.07156,-970.57947,494.20233
451.98868,-971.056,493.87012
449.9058,-971.53253,493.5379
447.8229,-972.0091,493.2057
445.74005,-972.48566,492.87347
443.65717,-972.96216,492.54126
441.57428,-973.4387,492.20905
439.4914,-973.9153,491.87683
437.40854,-974.3918,491.54462
435.32565,-974.86835,491.2124
433.24277,-975.3449,490.8802
431.1599,-975.8214,490.54797
429.07703,-976.298,490.21576
426.99414,-976.77454,489.88354
424.91125,-977.25104,489.55133
422.8284,-977.7276,489.21912
419.94055,-967.4329,492.5577
422.02344,-966.95636,492.88992
424.1063,-966.4798,493.22214
426.18918,-966.0033,493.55435
428.27206,-965.52673,493.88657
430.35495,-965.0502,494.21878
432.4378,-964.57367,494.551
434.5207,-964.0971,494.8832
436.60358,-963.62054,495.21545
438.68646,-963.14404,495.54767
440.76932,-962.6675,495.87988
442.8522,-962.1909,496.2121
444.9351,-961.71436,496.5443
447.01797,-961.23785,496.87653
449.10083,-960.7613,497.20874
451.18372,-960.2847,497.54095
453.2666,-959.8082,497.87317
455.3495,-959.33167,498.20538
457.43234,-958.8551,498.5376
459.51523,-958.3786,498.8698
456.6274,-948.08386,502.2084
454.54453,-948.5604,501.8762
452.46164,-949.037,501.54398
450.37875,-949.5135,501.21176
448.2959,-949.99005,500.87955
446.213,-950.4666,500.54733
444.13013,-950.9431,500.21512
442.04724,-951.4197,499.8829
439.9644,-951.89624,499.5507
437.8815,-952.3728,499.21848
435.7986,-952.8493,498.88626
433.71573,-953.32587,498.55405
431.63287,-953.8024,498.22183
429.55,-954.27893,497.88962
427.4671,-954.7555,497.5574
425.38422,-955.23206,497.2252
423.30136,-955.70856,496.89294
421.21848,-956.1851,496.56073
419.1356,-956.6617,496.22852
417.0527,-957.1382,495.8963
414.1649,-946.8435,499.23492
416.24777,-946.36694,499.56714
418.33063,-945.89044,499.89935
420.4135,-945.4139,500.23157
422.4964,-944.9373,500.56378
424.57928,-944.4608,500.896
426.66214,-943.98425,501.2282
428.74503,-943.5077,501.56042
430.8279,-943.0312,501.89264
432.9108,-942.5546,502.22485
434.99365,-942.07806,502.55707
437.07654,-941.60156,502.88928
439.15942,-941.125,503.2215
441.2423,-940.64844,503.5537
443.32516,-940.1719,503.88593
445.40805,-939.6954,504.21814
447.49094,-939.2188,504.55035
449.57382,-938.74225,504.88257
451.65668,-938.26575,505.21478
453.73956,-937.7892,505.54703
450.85175,-927.4945,508.88562
448.76886,-927.971,508.5534
446.68597,-928.4476,508.2212
444.6031,-928.92413,507.88898
442.52023,-929.40063,507.55676
440.43735,-929.8772,507.22455
438.35446,-930.35376,506.8923
436.27158,-930.8303,506.5601
434.18872,-931.3068,506.22787
432.10583,-931.7834,505.89566
430.02295,-932.25995,505.56345
427.94006,-932.73645,505.23123
425.8572,-933.213,504.89902
423.77432,-933.6896,504.5668
421.69144,-934.1661,504.2346
419.60855,-934.64264,503.90237
417.5257,-935.1192,503.57016
415.4428,-935.5957,503.23795
413.35992,-936.07227,502.90573
411.27704,-936.5488,502.57352
408.38922,-926.2541,505.9121
410.4721,-925.7776,506.24432
412.55496,-925.301,506.57654
414.63785,-924.82446,506.90875
416.72073,-924.34796,507.24097
418.80362,-923.8714,507.57318
420.88647,-923.39484,507.9054
422.96936,-922.91833,508.2376
425.05225,-922.4418,508.56982
427.13513,-921.9652,508.90207
429.218,-921.4887,509.23428
431.30087,-921.01215,509.5665
433.38376,-920.5356,509.8987
435.46664,-920.0591,510.23093
437.5495,-919.5825,510.56314
439.6324,-919.10596,510.89536
441.71527,-918.6294,511.22757
443.79816,-918.1529,511.55978
445.881,-917.67633,511.892
447.9639,-917.19977,512.22424
445.07608,-906.9051,515.5628
442.9932,-907.38165,515.2306
440.9103,-907.8582,514.8984
438.82742,-908.3347,514.56616
436.74457,-908.8113,514.23395
434.66168,-909.28784,513.90173
432.5788,-909.76434,513.5695
430.4959,-910.2409,513.2373
428.41306,-910.71747,512.9051
426.33017,-911.194,512.5729
424.24728,-911.67053,512.24066
422.1644,-912.1471,511.90845
420.08154,-912.6236,511.57623
417.99866,-913.10016,511.24402
415.91577,-913.5767,510.9118
413.8329,-914.0532,510.5796
411.75003,-914.5298,510.24738
409.66714,-915.00635,509.91513
407.58426,-915.48285,509.58292
405.50137,-915.9594,509.2507
402.61356,-905.66473,512.5893
404.69644,-905.1882,512.9215
406.7793,-904.7116,513.2537
408.86218,-904.2351,513.58594
410.94507,-903.75854,513.91815
413.02795,-903.282,514.25037
415.1108,-902.8055,514.5826
417.1937,-902.3289,514.91486
419.27658,-901.85236,515.2471
421.35947,-901.37585,515.5793
423.44232,-900.8993,515.9115
425.5252,-900.4227,516.2437
427.6081,-899.9462,516.5759
429.69098,-899.46967,516.90814
431.77383,-898.9931,517.24036
433.85672,-898.51654,517.5726
435.9396,-898.04004,517.9048
438.02246,-897.5635,518.237
440.10535,-897.0869,518.5692
442.18823,-896.6104,518.9014
439.3004,-886.3157,522.24
437.21753,-886.79224,521.9078
435.13464,-887.2688,521.57556
433.05176,-887.74536,521.24335
430.9689,-888.22186,520.91113
428.88602,-888.6984,520.5789
426.80313,-889.175,520.2467
424.72025,-889.6515,519.9145
422.6374,-890.12805,519.5823
420.5545,-890.6046,519.25006
418.47162,-891.0811,518.91785
416.38873,-891.5577,518.58563
414.30588,-892.03424,518.2534
412.223,-892.51074,517.9212
410.1401,-892.9873,517.589
408.05722,-893.46387,517.2568
405.97437,-893.94037,516.92456
403.89148,-894.41693,516.59235
401.8086,-894.8935,516.26013
399.7257,-895.37,515.9279
396.8379,-885.0753,519.26654
398.92078,-884.59875,519.59875
401.00363,-884.12225,519.93097
403.08652,-883.6457,520.2632
405.1694,-883.1691,520.5954
407.2523,-882.6926,520.9276
409.33514,-882.21606,521.2598
411.41803,-881.7395,521.59204
413.50092,-881.263,521.92426
415.5838,-880.78644,522.2565
417.66666,-880.3099,522.5887
419.74954,-879.8334,522.9209
421.83243,-879.3568,523.2531
423.9153,-878.88025,523.5853
425.99817,-878.40375,523.91754
428.08105,-877.9272,524.24976
430.16394,-877.4506,524.582
432.24683,-876.9741,524.9142
434.32968,-876.49756,525.2464
436.41257,-876.021,525.5786
433.52475,-865.7263,528.91724
431.44186,-866.2029,528.585
429.35898,-866.6794,528.2528
427.2761,-867.15594,527.9206
425.19324,-867.6325,527.5884
423.11035,-868.109,527.25616
421.02747,-868.5856,526.92395
418.94458,-869.06213,526.5917
416.86172,-869.53864,526.25946
414.77884,-870.0152,525.92725
412.69595,-870.49176,525.59503
410.61307,-870.96826,525.2628
408.5302,-871.4448,524.9306
406.44733,-871.9214,524.5984
404.36444,-872.3979,524.2662
402.28156,-872.87445,523.93396
400.1987,-873.351,523.60175
398.1158,-873.8275,523.26953
396.03293,-874.3041,522.9373
393.95004,-874.78064,522.6051
391.06223,-864.48596,525.9437
393.14508,-864.0094,526.27594
395.22797,-863.53284,526.60815
397.31085,-863.0563,526.94037
399.39374,-862.5798,527.2726
401.47662,-862.1032,527.6048
403.55948,-861.6267,527.937
405.64236,-861.15015,528.2692
407.72525,-860.6736,528.60144
409.80814,-860.197,528.93365
411.891,-859.7205,529.26587
413.97388,-859.24396,529.5981
416.05676,-858.7674,529.9303
418.13965,-858.2909,530.2625
420.2225,-857.81433,530.5947
422.3054,-857.33777,530.92694
424.38828,-856.86127,531.25916
426.47113,-856.3847,531.5914
428.55402,-855.90814,531.9236
430.6369,-855.43164,532.2558
427.74908,-845.1369,535.5944
425.6662,-845.61346,535.2622
423.5833,-846.09,534.93
421.50043,-846.5665,534.5978
419.41757,-847.0431,534.26556
417.3347,-847.51965,533.93335
415.2518,-847.99615,533.60114
413.1689,-848.4727,533.2689
411.08606,-848.9493,532.9367
409.00317,-849.4258,532.6045
406.9203,-849.90234,532.2723
404.8374,-850.3789,531.94006
402.75455,-850.85547,531.60785
400.67166,-851.332,531.27563
398.58878,-851.80853,530.9434
396.5059,-852.28503,530.6112
394.42303,-852.7616,530.279
392.34015,-853.23816,529.9468
390.25726,-853.7147,529.6145
388.17438,-854.1912,529.2823
385.28656,-843.89655,532.6209
387.36945,-843.42,532.9531
389.4523,-842.9435,533.28534
391.5352,-842.4669,533.61755
393.61807,-841.99036,533.94977
395.70096,-841.5138,534.282
397.7838,-841.0373,534.6142
399.8667,-840.5607,534.9464
401.9496,-840.0842,535.2786
404.03247,-839.60767,535.61084
406.11533,-839.1311,535.94305
408.1982,-838.65454,536.27527
410.2811,-838.17804,536.6075
412.36398,-837.7015,536.9397
414.44684,-837.2249,537.2719
416.52972,-836.7484,537.6041
418.6126,-836.27185,537.93634
420.6955,-835.7953,538.26855
422.77835,-835.3188,538.6008
424.86124,-834.8422,538.93304
421.97342,-824.54755,542.2716
419.89053,-825.02405,541.9394
417.80765,-825.5006,541.6072
415.72476,-825.9772,541.27496
413.6419,-826.4537,540.94275
411.55902,-826.93024,540.61053
409.47614,-827.4068,540.2783
407.39325,-827.8833,539.9461
405.3104,-828.35986,539.6139
403.2275,-828.8364,539.2817
401.14462,-829.313,538.94946
399.06174,-829.7895,538.61725
396.97888,-830.26605,538.28503
394.896,-830.7426,537.9528
392.8131,-831.2191,537.6206
390.73022,-831.6957,537.2884
388.64734,-832.17224,536.9562
386.56448,-832.64874,536.62396
384.4816,-833.1253,536.29175
382.3987,-833.60187,535.95953
